{"initial_reset_timestamp": 61121.603567213, "timestamps": [61123.419874662, 61126.403312013, 61127.750996565, 61128.178958987, 61128.618059627, 61130.580545572, 61133.433636258, 61134.712649303, 61135.121780351, 61135.537795236, 61137.242851326, 61140.136848538, 61141.434077375, 61141.847723313, 61142.283171674, 61144.003710248, 61146.842375846, 61148.11708171, 61148.525044244, 61148.93936457, 61150.651804768, 61153.500635765, 61154.783223147, 61155.208072534, 61155.641575744, 61157.390462195, 61160.254755841, 61161.535542715, 61161.946244774, 61162.361580033, 61164.082203883, 61166.927238447, 61168.206697988, 61168.614733297, 61169.03469128, 61170.747709694, 61173.695496494, 61174.975724638, 61175.384961636, 61175.802768368, 61177.589462627, 61180.579919305, 61181.961336845, 61182.402456247, 61182.862227531, 61184.5921409, 61187.466035557, 61188.790114036, 61189.19777758, 61189.619958821], "episode_lengths": [226, 378, 170, 54, 55, 226, 378, 170, 54, 55, 226, 378, 170, 54, 55, 226, 378, 170, 54, 55, 226, 378, 170, 54, 55, 226, 378, 170, 54, 55, 226, 378, 170, 54, 55, 226, 378, 170, 54, 55, 226, 378, 170, 54, 55, 226, 378, 170, 54, 55], "episode_rewards": [7.0, 10.0, 5.0, 1.0, 1.0, 7.0, 10.0, 5.0, 1.0, 1.0, 7.0, 10.0, 5.0, 1.0, 1.0, 7.0, 10.0, 5.0, 1.0, 1.0, 7.0, 10.0, 5.0, 1.0, 1.0, 7.0, 10.0, 5.0, 1.0, 1.0, 7.0, 10.0, 5.0, 1.0, 1.0, 7.0, 10.0, 5.0, 1.0, 1.0, 7.0, 10.0, 5.0, 1.0, 1.0, 7.0, 10.0, 5.0, 1.0, 1.0], "episode_types": ["t", "t", "t", "t", "t", "t", "t", "t", "t", "t", "t", "t", "t", "t", "t", "t", "t", "t", "t", "t", "t", "t", "t", "t", "t", "t", "t", "t", "t", "t", "t", "t", "t", "t", "t", "t", "t", "t", "t", "t", "t", "t", "t", "t", "t", "t", "t", "t", "t", "t"]}